Tree no.,Address,Total species,Year planted,Year lost,Longevity (years),Species,Cultivar,Nativity,Genus,Family,Total species,Common name,,Trk (0-4),Trk (0-4),Trk (0-4),Trk (0-4),Trk (0-4),Trk (0-4),Trk (0-4),Trk (0-4),Trk (0-3),Trk (0-4),Trk (0-4),Trk (0-4),Trk damage cause,,CD (%),CD (%),CD (%),CD (%),CD (%),CD (%),CD (%),CD (%),CD (%),CD (%),CD (%),,Chlor (0-3),Chlor (0-3),Chlor (0-3),Chlor (0-3),Chlor (0-3),Chlor (0-3),Chlor (0-3),Chlor (0-3),Chlor (0-3),,Cond (1-6),Cond (1-6),Cond (1-6),Cond (1-6),Cond (1-6),Cond (1-6),Cond (1-6),Cond (1-6),Cond (1-6),Cond (1-6),Cond (1-6),Cond (1-6),Cause of loss,Comment,Trk diam (in.),Trk diam (in.),Trk diam (in.),Trk diam (in.),Trk diam (in.),Trk diam (in.),Trk diam (in.),Trk diam (in.),Trk diam (in.),Trk diam (in.),Trk diam (in.),Trk diam (in.),Trk diam (in.),Trk diam (in.),Trk height (in.),in./year,Date planted, Cause of loss
090000,,,,,,,,,,,,,,10/1/2013,5/1/2014,10/2/2015,9/23/2016,10/20/2017,7/9/2018,9/16/2019,9/22/2020,7/26/2021,9/7/2022,9/8/2023,9/19/2024,,,10/1/2013,5/1/2014,10/2/2015,9/23/2016,7/9/2018,9/16/2019,9/22/2020,7/26/2021,9/7/2022,9/8/2023,9/19/2024,,10/2/2015,9/23/2016,7/9/2018,9/16/2019,9/22/2020,7/26/2021,9/7/2022,9/8/2023,9/19/2024,,10/1/2013,5/1/2014,10/2/2015,9/23/2016,10/20/2017,7/9/2018,9/16/2019,9/22/2020,7/26/2021,9/7/2022,9/8/2023,9/19/2024,,,Davey,7/15/2012,9/18/2012,10/14/2013,10/2/2015,9/23/2016,10/20/2017,11/19/2018,9/16/2019,9/22/2020,9/28/2021,9/7/2022,9/8/2023,9/19/2024,9/22/2020,,,
090100,"Greenbush S side, 12 St",,,,,,,,,,,,,2013,2013,2015,2016,2017,2018,2019,2020,2021,2022,2023,2024,,,2013,2013,2015,2016,2018,2019,2020,2021,2022,2023,2024,,2015,2016,2018,2019,2020,2021,2022,2023,2024,,2013,2013,2015,2016,2017,2018,2019,2020,2021,2022,2023,2024,,,,2011,2012,2013,2015,2016,2017,2018,2019,2020,2021,2022,2023,2024,,,,
090101,1213,Acer glabrum,2012,,,Acer glabrum,,E,Acer,Aceraceae,Acer glabrum,Rocky Mtn maple,,0,0,0,0,0,0,0,0,0,0,0,0,,,0,0,0,0,0,0,0,0,0,0,0,,0,0,0,0,0,0,0,0,0,,1,1,1,1,1,1,1,1,1,1,1,1,,,,1.70,1.70,1.61,2.28,2.87,3.54,4.11,4.70,5.07,5.75,6.21,6.86,7.44,,0.48,5/17/2012,
090102,1217,Tilia tomentosa,2012,,,Tilia tomentosa,,E,Tilia,Tiliaceae,Tilia tomentosa,Silver linden,,1,1,1,0,1,0,0,0,0,0,0,0,,,0,0,0,0,0,0,0,0,0,0,0,,0,1,0,0,0,0,0,0,0,,1,2,2,2,2,1,1,1,1,1,1,1,,,,1.65,1.65,1.65,2.17,2.44,2.77,3.18,3.60,4.12,4.53,4.78,5.08,5.58,,0.32,5/17/2012,
090103,1221,Ulmus 'Frontier',2012,,,Ulmus 'Frontier',Frontier,E,Ulmus,Ulmaceae,Ulmus 'Frontier',Frontier Elm,,0,0,0,0,0,0,0,0,0,0,0,0,,,0,0,0,0,0,0,0,0,0,0,0,,0,0,0,0,0,0,0,0,0,,1,1,1,1,1,1,1,1,1,1,1,1,,,,1.75,1.75,2.17,4.69,5.67,7.12,8.53,9.79,10.89,11.98,12.96,14.04,15.20,,1.12,5/17/2012,
090104,1227,Ginkgo biloba,2012,,,Ginkgo biloba,Princeton Sentry,E,Ginkgo,Ginkgoaceae,Ginkgo biloba,Ginkgo,,0,0,0,0,0,0,0,0,0,0,0,0,,,0,0,0,1,0,0,0,0,0,0,0,,0,0,0,0,1,0,0,0,0,,1,1,2,2,2,1,1,2,1,1,1,1,,,,1.55,1.50,1.61,1.69,1.93,2.08,2.21,2.44,2.64,2.87,3.07,3.41,3.60,,0.17,5/17/2012,
090200,13th Street,,,,,,,,,,,,,,,,,,,,,,,,,,,,,,,,,,,,,,,,,,,,,,,,,,,,,,,,,,,,,,,,,,,,,,,,,,,,,,,,
090201,1303,Zelkova serrata,2012,,,Zelkova serrata,Green Vase,E,Zelkova,Ulmaceae,Zelkova serrata,Zelkova,,0,0,0,0,0,0,,3,3,2,2,2,E,,0,2,0,0,0,0,20,0,0,0,10,,0,1,0,0,0,,0,0,0,,1,1,1,2,2,1,2,3,3,2,2,2,,,,1.65,1.75,1.85,2.56,3.43,3.37,3.71,4.08,4.49,4.62,5.02,5.30,5.51,50,0.32,5/17/2012,
090202,,Acer saccharum,X,,,,,,,,Acer saccharum,Sugar maple,,,,,,,,,,,,,,,,,,,,,,,,,,,,,,,,,,,,,,,,,,,,,,,,,,,,,,,,,,,,,,,,,,,,X (I),
090203,1307,Tilia americana,X,,,,,,,,Tilia americana,American basswood,,,,,,,,,,,,,,,,,,,,,,,,,,,,,,,,,,,,,,,,,,,,,,,,,,,,,,,,,,,,,,,,,,,,X,
090204,1315,Tilia americana,X,,,,,,,,Tilia americana,American basswood,,,,,,,,,,,,,,,,,,,,,,,,,,,,,,,,,,,,,,,,,,,,,,,,,,,,,,,,,,,,,,,,,,,,X,
090205,1317,Zelkova serrata,2020,2021,1,, 'Green Vase’,,,,Zelkova serrata,Zelkova,,,,,,,,,0,0,,,,,,,,,,,,70,100,,,,,,,,,0,,,,,,,,,,,,,4,5,6,6,6,Died,,,,,,,,,,2.22,2.26,2.25,,,,46,,10/15/19,Died
090205.1,1317,Zelkova serrata,2022,,,Zelkova serrata,,E,Zelkova,Ulmaceae,Zelkova serrata,Zelkova,,,,,,,,,,,0,0,2,,,,,,,,,,,0,0,10,,,,,,,,0,0,0,,,,,,,,,,,1,1,2,,,,,,,,,,,,,,1.44,1.77,1.92,35,0.24,,
090206,1325,Gleditsia triacanthos var. inermis,2012,,,Gleditsia triacanthos var. inermis,Shademaster,N,Gleditsia,Fabaceae,Gleditsia triacanthos var. inermis,Honey locust,,1,1,0,0,0,0,1,0,0,0,0,0,,,0,5,10,0,0,0,0,0,0,0,20,,0,0,0,0,0,0,0,0,0,,1,2,1,1,2,1,2,2,1,1,1,2,,,,2.00,2.00,2.01,2.60,3.31,4.04,4.75,5.42,6.15,6.90,7.48,8.06,8.77,,0.57,5/17/2012,
090207,1325,,,,,,,,,,,,,,,,,,,,,,,,,,,,,,,,,,,,,,,,,,,,,,,,,,,,,,,,,,,,,,,,,,,,,,,,,,,,,,,,
090300,14th Street,,,,,,,,,,,,,,,,,,,,,,,,,,,,,,,,,,,,,,,,,,,,,,,,,,,,,,,,,,,,,,,,,,,,,,,,,,,,,,,,
090301,1401,,X,,,,,,,,,Sugar maple,,,,,,,,,,1,,,,,,,,,,,,,,,,,,,,,,,,,,,,,,,,,,,,,,,,,,,,,,,,,,,,,,,,,,X,
090302,1401,,X,,,,,,,,,Sugar maple,,,,,,,,,,,,,,,,,,,,,,,,,,,,,,,,,,,,,,,,,,,,,,,,,,,,,,,,,,,,,,,,,,,,X,
090303,1407,,,,,,,,,,,,,,,,,,,,,,,,,,,,,,,,,,,,,,,,,,,,,,,,,,,,,,,,,,,,,,,,,,,,,,,,,,,,,,,,
090304,1407,Tilia cordata,2012,,,Tilia cordata,,E,Tilia,Tiliaceae,Tilia cordata,Littleleaf linden,,0,0,0,0,0,0,0,0,0,0,0,0,,,0,0,2,0,0,0,0,0,0,0,0,,0,0,0,0,0,0,0,0,0,,1,1,1,1,2,1,2,2,1,1,1,1,,,,2.10,2.10,2.09,2.44,2.83,3.26,3.58,3.93,4.28,4.53,4.75,4.94,5.30,,0.27,5/17/2012,
090305,,,X (I),,,,,,,,,Silver maple,,,,,,,,,,,,,,,,,,,,,,,,,,,,,,,,,,,,,,,,,,,,,,,,,,,,,,,,,,,,,,,,,,,,X (I),
090306,1413,,,,,,,,,,,,,,,,,,,,,,,,,,,,,,,,,,,,,,,,,,,,,,,,,,,,,,,,,,,,,,,,,,,,,,,,,,,,,,,,
090307,1415,Tilia tomentosa,2012,2023,11,,,,,,Tilia tomentosa,Silver linden,,0,0,1,0,0,0,0,0,0,4,,,,,0,0,5,0,0,0,0,0,10,,,,0,0,0,0,0,0,0,,,,1,1,2,1,1,1,1,2,1,4,6,6,Human,Bark stripped off lower 4 ft (22),,1.75,1.75,1.85,2.24,2.64,3.29,3.85,4.32,4.77,5.06,4.99,,,,,5/17/2012,
090308,1417,Ulmus 'Frontier',2012,,,Ulmus 'Frontier',Frontier,E,Ulmus,Ulmaceae,Ulmus 'Frontier',Frontier Elm,,1,0,0,0,0,0,0,0,0,0,1,0,M,,0,0,0,0,0,0,0,0,0,0,0,,0,0,0,0,0,0,0,0,0,,1,1,1,2,2,1,2,2,1,1,1,1,,,,1.90,1.75,1.97,3.07,3.66,4.45,5.05,5.86,6.33,6.84,7.45,8.10,8.90,,0.57,5/17/2012,
090309,,Acer saccharum,X (I),,,,,,,,,Sugar maple,,,,,,,,,,,,,,,,,,,,,,,,,,,,,,,,,,,,,,,,,,,,,,,,,,,,,,,,,,,,,,,,,,,,X (I),
090400,15th Street,,,,,,,,,,,,,,,,,,,,,,,,,,,,,,,,,,,,,,,,,,,,,,,,,,,,,,,,,,,,,,,,,,,,,,,,,,,,,,,,
090401,Park,Tilia americana,X,,,,,,,,,Linden,,,,,,,,,,,,,,,,,,,,,,,,,,,,,,,,,,,,,,,,,,,,,,,,,,,,,,,,,,,,,,,,,,,,X,
090402,Park,Tilia americana,X,,,,,,,,,Linden,,,,,,,,,,,,,,,,,,,,,,,,,,,,,,,,,,,,,,,,,,,,,,,,,,,,,,,,,,,,,,,,,,,,X,
090403,Park,Gymnocladus dioicus,2012,,,Gymnocladus dioicus,,N,Gymnocladus,Fabaceae,Gymnocladus dioicus,Kentucky coffee tree,,0,0,0,0,0,0,1,1,0,0,0,0,,,0,0,0,0,0,0,0,0,0,0,0,,0,0,0,0,0,0,0,0,0,,1,1,1,1,1,1,2,2,1,1,1,1,,,,1.70,1.50,1.61,2.05,2.68,3.34,3.93,4.80,5.43,6.06,6.49,6.91,7.43,,0.50,5/17/2012,
090404,Park,Quercus imbricaria,2012,,,Quercus imbricaria,,N,Quercus,Fagaceae,Quercus imbricaria,Shingle oak,,0,0,0,0,0,0,0,0,0,0,0,0,,,0,5,5,0,0,0,0,0,0,0,0,,0,0,0,0,0,0,0,0,0,,1,2,1,1,2,1,2,2,1,1,1,1,,,,2.20,2.20,2.24,2.64,2.87,3.22,3.6,3.98,4.40,4.87,5.33,5.91,6.46,,0.34,5/17/2012,
090405,Alley,,,,,,,,,,,,,,,,,,,,,,,,,,,,,,,,,,,,,,,,,,,,,,,,,,,,,,,,,,,,,,,,,,,,,,,,,,,,,,,,
090406,1430 N 16th,Liriodendron tulipifera,2012,,,Liriodendron tulipifera,,N,Liriodendron,Magnoliaceae,Liriodendron tulipifera,Tulip tree,,0,0,0,0,0,0,0,0,0,0,0,0,,,0,1,0,0,0,0,0,0,0,0,5,,0,1,0,0,0,0,0,0,0,,1,1,1,2,1,1,1,1,1,1,1,1,,,,1.50,1.50,1.57,2.28,2.44,2.97,3.51,4.20,4.85,5.60,6.05,6.72,7.43,,0.48,5/17/2012,
090407,1430 N 16th,Quercus shumardii,2012,2013,1,,,,,,Quercus shumardii,Shumard oak,,0,0,,,,,,,,,,,,,0,100,,,,,,,,,,,,,,,,,,,,,3,5,6,6,6,6,6,6,6,6,6,6,Died,,,,,,,,,,,,,,,,,,5/7/2012,
090407.1,1430 N 16th,Quercus shumardii,2015,,,Quercus shumardii,,N,Quercus,Fagaceae,Quercus shumardii,Shumard oak,,,,0,0,0,0,1,0,0,0,0,0,,,,,5,0,0,0,0,0,0,0,0,,0,0,0,0,1,0,0,0,0,,,,1,1,1,1,2,2,1,1,1,1,,,,,,,1.22,1.38,1.59,1.84,2.12,2.30,2.40,2.56,2.82,3.12,,0.21,12/1/2014,
090408,1430 N 16th,Quercus rubra,2012,2013,1,,,,,,Quercus rubra,Northern red oak,,,,,,,,,,,,,,,,,,,,,,,,,,,,,,,,,,,,,,5,5,6,6,6,6,6,6,6,6,6,6,Died,,,,,,,,,,,,,,,,,,5/7/2012,
090408.1,1430 N 16th,Quercus rubra,2015,,,Quercus rubra,,N,Quercus,Fagaceae,Quercus rubra,Northern red oak,,,,0,0,0,2,1,1,2,1,1,0,M,,,,0,0,0,0,0,0,0,0,20,,0,0,0,0,2,0,0,0,0,,,,1,1,2,2,2,2,2,1,2,2,,,,,,,1.06,1.10,1.31,1.57,1.89,2.16,2.60,2.99,3.32,3.67,,0.31,12/1/2014,
090409,1430 N 16th,Platanus x acerifolia,2012,,,Platanus x acerifolia,Encore,E,Platanus,Platanaceae,Platanus x acerifolia,London planetree,,,,,,,2,0,0,0,0,1,0,,,,,,,0,0,0,0,0,0,0,,,,0,0,0,0,0,0,0,,,,,,,3,2,2,1,1,2,2,,,,,,,,,0.69,1.43,1.68,2.06,2.76,3.37,4.13,4.85,53,0.58,coppice,
090500,16th Street,,,,,,,,,,,,,,,,,,,,,,,,,,,,,,,,,,,,,,,,,,,,,,,,,,,,,,,,,,,,,,,,,,,,,,,,,,,,,,,,
090501,1429 N 16th,Gymnocladus dioicus,2012,,,Gymnocladus dioicus,,N,Gymnocladus,Fabaceae,Gymnocladus dioicus,Kentucky coffee tree,,0,0,0,0,0,0,0,0,0,0,1,0,M,,0,0,0,0,0,0,0,0,0,0,0,,0,0,0,0,0,0,0,0,0,,1,1,1,1,1,1,1,1,1,1,1,1,,,,1.75,1.75,1.97,2.64,3.74,4.70,5.85,6.91,7.79,8.75,9.26,9.76,10.35,,0.75,5/17/2012,
090502,1429 N 16th,Quercus imbricaria,2012,,,Quercus imbricaria,,N,Quercus,Fagaceae,Quercus imbricaria,Shingle oak,,0,0,1,0,1,2,1,1,1,0,0,0,,,0,5,5,2,0,0,0,0,0,0,0,,0,0,0,0,0,1,0,0,0,,1,1,2,1,2,2,2,3,2,1,1,1,,,,2.80,2.95,3.03,3.23,3.54,3.63,4.03,4.46,5.00,5.57,6.10,6.59,7.00,,0.33,5/17/2012,
090503,1430 N 17th,Platanus x acerifolia,2012,,,Platanus x acerifolia,Encore,E,Platanus,Platanaceae,Platanus x acerifolia,London planetree,,0,0,0,0,0,0,0,0,0,0,0,0,,,0,15,0,0,0,,0,0,0,0,0,,0,0,0,0,0,0,0,0,0,,1,2,1,1,1,1,1,1,2,1,1,1,,top gone,,1.55,1.60,1.85,3.62,4.33,5.11,6.12,7.04,7.59,8.21,8.78,9.40,10.00,,0.71,5/17/2012,
090600,17th Street,,,,,,,,,,,,,,,,,,,,,,,,,,,,,,,,,,,,,,,,,,,,,,,,,,,,,,,,,,,,,,,,,,,,,,,,,,,,,,,,
090601,1703,Quercus shumardii,2012,,,Quercus shumardii,,N,Quercus,Fagaceae,Quercus shumardii,Shumard oak,,0,0,0,0,0,0,1,1,1,0,0,1,,,0,2,0,5,20,10,0,0,0,0,0,,1,2,3,1,0,1,0,0,0,,1,2,2,2,2,4,3,2,2,1,1,1,,2020: some decay,,1.30,1.30,1.34,1.73,1.77,1.82,1.91,2.16,2.37,2.83,3.26,3.90,4.61,,0.23,5/17/2012,
090602,,,,,,,,,,,,,,,,,,,,,,,,,,,,,,,,,,,,,,,,,,,,,,,,,,,,,,,,,,,,,,,,,,,,,,,,,,,,,,,,,
090603,1705,Tilia americana,X,,,,,,,,,Linden,,,,,,,,,,,,,,,,,,,,,,,,,,,,,,,,,,,,,,,,,,,,,,,,,,,,,,,,,,,,,,,,,,,,X,
090604,1713,Liriodendron tulipifera,2012,2023,11,,,,,8.00,Liriodendron tulipifera,Tulip tree,,0,0,0,0,0,0,0,1,0,0,,,,,0,40,50,80,0,0,0,0,0,,,,1,1,0,0,0,0,0,,,,1,3,3,4,3,2,3,3,2,1,6,6,Died,,,1.50,1.50,1.50,1.57,1.61,1.72,1.91,2.20,2.39,2.73,2.93,,,,,5/17/2012,
090605,1713,Quercus rubra,2012,,,Quercus rubra,,N,Quercus,Fagaceae,Quercus rubra,Northern red oak,,0,0,0,1,0,0,0,0,0,0,0,0,,,0,0,0,0,0,0,0,0,0,10,0,,0,0,0,0,0,0,0,0,0,,1,1,1,2,2,2,2,2,2,1,2,2,,,,1.75,1.75,1.77,2.40,3.11,3.68,4.35,4.95,5.38,5.80,6.26,6.54,6.89,,0.45,5/17/2012,
090606,1717,Platanus x acerifolia,2012,,,Platanus x acerifolia,Encore,E,Platanus,Platanaceae,Platanus x acerifolia,London planetree,,0,0,0,0,0,0,0,0,0,0,0,0,,,0,7,0,0,0,0,0,0,0,0,10,,0,0,0,0,0,0,0,0,0,,1,2,1,1,1,1,1,1,1,1,1,1,,,,1.50,1.55,2.20,4.49,5.55,6.48,7.63,8.55,9.29,9.93,10.79,11.65,12.25,,0.89,5/17/2012,
090607,1719,Gymnocladus dioicus,2012,,,Gymnocladus dioicus,,N,Gymnocladus,Fabaceae,Gymnocladus dioicus,Kentucky coffee tree,,0,0,0,0,0,0,0,0,3,0,0,0,,,0,0,0,2,0,5,0,0,10,0,20,,0,0,0,0,0,0,0,0,0,,1,1,1,1,1,1,2,2,3,2,1,1,,decay at base of trunk,,1.75,1.75,1.77,2.99,3.90,4.75,5.5,6.00,6.49,6.79,7.16,7.60,8.29,,0.55,5/17/2012,
090608,1723,Quercus shumardii,2012,,,Quercus shumardii,,N,Quercus,Fagaceae,Quercus shumardii,Shumard oak,,3,3,2,2,2,0,1,0,1,1,0,0,,,0,2,20,5,0,10,50,4,90,90,90,,1,2,2,2,0,3,0,0,0,,3,1,3,3,3,3,3,4,4,4,4,4,,,,1.50,1.40,1.61,1.77,2.20,2.43,2.68,2.83,2.80,2.93,2.96,3.00,3.00,,0.14,5/17/2012,
090609,1727,Platanus x acerifolia,2012,,,Platanus x acerifolia,Encore,E,Platanus,Platanaceae,Platanus x acerifolia,London planetree,,,,,,,,0,0,0,0,0,0,,,,,,,,5,0,0,0,0,0,,,,,0,0,0,0,0,0,,,,,,,,2,2,1,1,1,1,,,,,,,,,,,1.57,1.91,2.85,3.80,5.07,6.03,,0.94,?,
090610,1729,Quercus imbricaria,2012,,,Quercus imbricaria,,N,Quercus,Fagaceae,Quercus imbricaria,Shingle oak,,0,0,0,0,0,0,0,0,0,4,5,4,M,,0,0,0,0,0,0,0,0,0,0,0,,0,0,0,0,0,0,0,0,0,,1,1,1,1,1,1,1,1,1,3,3,3,,,,2.30,2.30,2.56,3.58,4.09,4.73,5.55,6.19,6.72,7.54,8.40,9.18,10.31,,0.63,5/17/2012,
090700,18th Street,,,,,,,,,,,,,,,,,,,,,,,,,,,,,,,,,,,,,,,,,,,,,,,,,,,,,,,,,,,,,,,,,,,,,,,,,,,,,,,,
090701,1815,Fraxinus,X,,,,,,,,,White ash,,,,,,,,,,,,,,,,,,,,,,,,,,,,,,,,,,,,,,,,,,,,,,,,,,,,,,,,,,,,,,,,,,,,X,
090702,1815,Ginkgo biloba,2012,,,Ginkgo biloba,Princeton Sentry,E,Ginkgo,Ginkgoaceae,Ginkgo biloba,Ginkgo,,0,0,0,0,0,1,1,1,1,1,0,0,,,0,0,0,0,0,0,0,0,0,0,2,,0,0,0,0,0,0,0,0,0,,1,1,1,1,1,1,2,2,1,1,1,1,,,,1.75,1.70,1.73,2.36,2.76,3.62,4.37,5.08,5.55,6.17,6.57,9.01,7.64,,0.55,5/17/2012,
090703,1819,Zelkova serrata,2012,,,Zelkova serrata,Green Vase,E,Zelkova,Ulmaceae,Zelkova serrata,Zelkova,,0,0,0,3,3,2,0,0,0,0,0,0,,,0,0,0,50,0,0,0,0,0,0,0,,0,1,0,0,0,0,0,0,0,,1,1,1,4,3,2,1,1,2,1,1,1,,many narrow crotches,,1.75,1.75,2.05,3.70,4.13,5.03,5.82,6.54,7.26,8.03,9.70,9.50,10.48,45,0.72,5/17/2012,
090704,1825,Tilia cordata,2012,,,Tilia cordata,,E,Tilia,Tiliaceae,Tilia cordata,Littleleaf linden,,0,0,0,0,0,0,0,1,0,0,0,1,,,0,0,0,0,0,0,0,0,0,0,0,,0,0,0,0,0,0,0,0,0,,1,1,1,1,1,1,2,2,2,1,1,1,,,,1.95,1.95,1.97,2.95,3.50,4.09,4.56,5.12,5.66,6.29,6.92,7.60,8.46,,0.52,5/17/2012,
090705,1825,Gleditsia triacanthos var. inermis,2012,,,Gleditsia triacanthos var. inermis,,N,Gleditsia,Fabaceae,Gleditsia triacanthos var. inermis,Honey locust,,0,0,0,0,0,0,1,0,0,0,0,0,,,0,0,5,0,0,0,0,0,0,0,0,,0,0,0,0,0,0,0,0,0,,1,1,1,1,1,2,1,1,1,2,1,1,,,,1.80,1.80,1.93,2.80,3.54,4.53,5.49,6.07,6.80,7.73,8.32,9.33,10.33,,0.69,5/17/2012,
090706,1829,Acer truncatum x platanoides,2012,,,Acer truncatum x platanoides,Keithsform,E,Acer,Aceraceae,Acer truncatum x platanoides,Norwegian Sunset maple,,0,0,1,2,1,0,0,0,0,1,1,2,M,,0,0,0,0,0,0,0,0,0,0,0,,0,0,0,0,0,0,0,0,0,,1,1,1,3,2,1,1,2,1,1,1,2,,,,1.70,1.65,1.65,2.20,2.68,3.22,3.53,3.83,4.30,4.84,5.12,5.60,6.10,49,0.36,5/17/2012,
090707,1835,Tilia tomentosa,2012,,,Tilia tomentosa,,E,Tilia,Tiliaceae,Tilia tomentosa,Silver linden,,0,0,1,1,0,0,0,0,0,0,0,0,,,0,0,0,0,0,0,0,0,0,0,0,,0,0,0,0,0,0,0,0,0,,1,1,2,2,1,2,1,1,1,2,1,1,,,,1.80,1.80,1.85,3.46,4.17,5.06,5.97,6.83,7.76,8.56,9.24,10.04,10.84,50,0.75,5/17/2012,
090800,19th Street,,,,,,,,,,,,,,,,,,,,,,,,,,,,,,,,,,,,,,,,,,,,,,,,,,,,,,,,,,,,,,,,,,,,,,,,,,,,,,,,
090801,1901,Ulmus 'Frontier',2012,,,Ulmus 'Frontier',Frontier,E,Ulmus,Ulmaceae,Ulmus 'Frontier',Frontier Elm,,0,0,0,0,0,0,0,0,0,1,0,0,,,0,0,0,0,0,0,0,0,0,0,0,,0,0,0,0,0,0,0,0,0,,1,1,1,1,1,1,1,1,1,1,1,1,,,,1.75,1.80,2.40,4.69,5.98,7.42,8.87,10.35,11.47,12.46,13.40,14.45,15.67,,1.16,5/17/2012,
090802,1903,Tilia cordata,2012,,,Tilia cordata,,E,Tilia,Tiliaceae,Tilia cordata,Littleleaf linden,,0,0,0,0,0,0,0,0,0,0,0,0,,,0,0,0,10,0,0,0,0,0,0,0,,0,0,0,0,0,0,0,0,0,,1,1,2,2,1,1,1,1,1,1,1,1,,,,,,1.14,2.20,2.95,3.90,4.7,5.48,6.39,6.59,7.12,7.64,8.21,,0.67,11/5/2012,
090803,1909,Celtis occidentalis,X,,,,,,,,,Hackberry ,,,,,,,,,,,,,,,,,,,,,,,,,,,,,,,,,,,,,,,,,,,,,,,,,,,,,,,,,,,,,,,,,,,,X,
090804,1909,Celtis occidentalis,X,,,,,,,,,Hackberry ,,,,,,,,,,,,,,,,,,,,,,,,,,,,,,,,,,,,,,,,,,,,,,,,,,,,,,,,,,,,,,,,,,,,X,
090805,Vacant lot,Carpinus betulus,X,,,,,,,,,Eastern hop hornbeam,,,,,,,,,,,,,,,,,,,,,,,,,,,,,,,,,,,,,,,,,,,,,,,,,,,,,,,,,,,,,,,,,,,,X,
090806,1919,Ginkgo biloba,2012,,,Ginkgo biloba,Princeton Sentry,E,Ginkgo,Ginkgoaceae,Ginkgo biloba,Ginkgo,,0,0,0,0,1,0,1,1,0,2,0,0,,,0,0,0,0,0,0,0,0,0,0,0,,0,0,0,0,0,0,0,0,0,,1,1,1,1,2,1,2,2,1,2,1,1,,,,1.60,1.60,1.69,2.87,3.43,4.10,4.96,5.83,6.69,7.52,8.26,9.18,10.14,,0.69,5/17/2012,
090807,1923,Zelkova serrata,2012,,,Zelkova serrata,Green Vase,E,Zelkova,Ulmaceae,Zelkova serrata,Zelkova,,0,0,0,0,0,0,0,0,0,0,0,0,,,0,2,0,0,0,0,0,0,0,0,0,,0,0,0,0,0,,0,0,0,,1,1,1,1,1,1,1,1,1,1,1,1,,,,1.50,1.50,1.97,3.62,4.72,5.60,6.56,7.37,8.02,8.75,9.43,10.12,10.89,42,0.78,5/17/2012,
090808,1931,Ulmus americana,X,,,,,,,,,American elm,,,,,,,,,,,,,,,,,,,,,,,,,,,,,,,,,,,,,,,,,,,,,,,,,,,,,,,,,,,,,,,,,,,,X,
090809,1937,Ulmus americana,X,,,,,,,,,American elm,,,,,,,,,,,,,,,,,,,,,,,,,,,,,,,,,,,,,,,,,,,,,,,,,,,,,,,,,,,,,,,,,,,,X,
090810,1937,Ulmus americana,X,,,,,,,,,American elm,,,,,,,,,,,,,,,,,,,,,,,,,,,,,,,,,,,,,,,,,,,,,,,,,,,,,,,,,,,,,,,,,,,,X,
090811,1941,Ulmus americana,X,,,,,,,,,American elm,,,,,,,,,,,,,,,,,,,,,,,,,,,,,,,,,,,,,,,,,,,,,,,,,,,,,,,,,,,,,,,,,,,,X,
090812,1941,Ulmus americana,X,,,,,,,,,American elm,,,,,,,,,,,,,,,,,,,,,,,,,,,,,,,,,,,,,,,,,,,,,,,,,,,,,,,,,,,,,,,,,,,,X,
090813,1941,Ulmus americana,X,,,,,,,,,American elm,,,,,,,,,,,,,,,,,,,,,,,,,,,,,,,,,,,,,,,,,,,,,,,,,,,,,,,,,,,,,,,,,,,,X,
090814,1943,Ulmus americana,X,,,,,,,,,American elm,,,,,,,,,,,,,,,,,,,,,,,,,,,,,,,,,,,,,,,,,,,,,,,,,,,,,,,,,,,,,,,,,,,,X,
090815,1947,Ulmus americana,X,,,,,,,,,American elm,,,,,,,,,,,,,,,,,,,,,,,,,,,,,,,,,,,,,,,,,,,,,,,,,,,,,,,,,,,,,,,,,,,,X,
090816,1947,Ulmus americana,X,,,,,,,,,American elm,,,,,,,,,,,,,,,,,,,,,,,,,,,,,,,,,,,,,,,,,,,,,,,,,,,,,,,,,,,,,,,,,,,,X,
090817,2025,Gymnocladus dioicus,2012,,,Gymnocladus dioicus,,N,Gymnocladus,Fabaceae,Gymnocladus dioicus,Kentucky coffee tree,,0,0,0,0,0,0,0,0,0,0,0,0,,,0,0,0,0,0,0,0,0,0,0,0,,0,0,0,,0,0,0,0,0,,1,1,1,1,1,1,1,1,2,1,1,1,,,,1.75,1.65,1.73,2.36,3.46,4.30,5.18,6.11,6.72,7.50,8.28,8.85,9.60,,0.67,5/17/2012,
090818,2025,Acer truncatum x platanoides,2012,,,Acer truncatum x platanoides,Keithsform,E,Acer,Aceraceae,Acer truncatum x platanoides,Norwegian Sunset maple,,0,0,0,1,0,0,0,1,0,1,0,0,,,0,0,5,0,0,0,0,0,0,0,0,,1,0,0,0,0,0,0,0,0,,1,1,2,2,2,1,1,2,1,1,1,1,,,,1.55,1.55,1.61,2.28,2.68,3.31,3.75,4.13,4.37,4.93,5.14,5.41,5.80,,0.36,5/17/2012,
090819,2025,Tilia tomentosa,2012,,,Tilia tomentosa,,E,Tilia,Tiliaceae,Tilia tomentosa,Silver linden,,0,0,0,0,0,0,0,0,0,0,0,0,,,0,0,0,0,0,0,0,0,0,0,0,,0,0,0,0,0,0,0,0,0,,1,1,1,1,1,1,1,1,1,1,1,1,,,,1.70,1.70,1.69,3.15,3.90,4.71,5.43,6.14,6.77,7.30,7.78,8.27,8.95,,0.61,5/17/2012,
090820,2025,Ulmus 'Frontier',2012,,,Ulmus 'Frontier',Frontier,E,Ulmus,Ulmaceae,Ulmus 'Frontier',Frontier Elm,,0,,0,0,0,0,0,0,1,0,0,0,,,0,,0,0,0,0,0,0,0,0,0,,0,0,0,0,0,0,0,0,,,1,1,1,1,1,1,1,1,1,1,1,1,,,,,,1.93,3.46,4.41,5.53,6.54,7.71,8.67,9.55,10.25,11.19,12.02,,0.95,5/17/2012,
091100,Greenbush N side,,,,,,,,,,,,,,,,,,,,,,,,,,,,,,,,,,,,,,,,,,,,,,,,,,,,,,,,,,,,,,,,,,,,,,,,,,,,,,,,
091101,Wabash Center,Tilia cordata,2012,,,Tilia cordata,,E,Tilia,Tiliaceae,Tilia cordata,Littleleaf linden,,0,1,3,2,2,2,1,1,3,3,2,1,E,,0,0,0,0,0,30,0,0,40,0,0,,0,0,0,0,0,0,0,0,0,,1,1,3,3,2,2,2,2,3,3,3,2,,,,2.00,2.00,2.05,2.68,3.27,3.85,4.13,4.37,4.50,4.90,5.37,5.72,6.34,,0.34,5/17/2012,
091102,Wabash Center,Gleditsia triacanthos var. inermis,2012,,,Gleditsia triacanthos var. inermis,,N,Gleditsia,Fabaceae,Gleditsia triacanthos var. inermis,Honey locust,,0,0,0,0,0,0,0,0,0,0,0,0,,,0,20,70,15,0,40,70,0,10,0,25,,0,0,0,0,0,0,0,0,0,,1,3,3,3,2,1,2,2,1,2,2,2,,,,1.75,1.75,1.61,2.40,2.95,3.68,4.92,5.58,6.30,6.98,7.79,8.69,9.64,46,0.65,5/17/2012,
091103,Wabash Center,Zelkova serrata,2012,,,Zelkova serrata,Green Vase,E,Zelkova,Ulmaceae,Zelkova serrata,Zelkova,,0,0,0,0,0,0,0,0,1,0,1,2,M,,0,2,0,0,0,0,0,0,0,0,10,,0,0,0,0,0,0,0,0,0,,1,2,1,1,1,1,1,1,1,1,1,2,,,,1.75,1.75,1.97,3.82,4.72,5.76,6.67,7.05,7.50,7.47,7.83,8.04,8.14,,0.57,5/17/2012,
091200,20th Street,,,,,,,,,,,,,,,,,,,,,,,,,,,,,,,,,,,,,,,,,,,,,,,,,,,,,,,,,,,,,,,,,,,,,,,,,,,,,,,,
091201,1938,Ginkgo biloba,2012,2024,12,,Princeton Sentry,,,,Ginkgo biloba,Ginkgo,,2,0,2,1,1,1,0,0,0,0,4,4,M,,0,0,0,0,0,0,0,0,0,0,99,,0,0,0,0,0,0,0,0,0,,1,1,2,2,2,2,1,1,1,1,3,5,Died,,,1.75,1.75,1.81,2.05,2.24,2.66,3.09,3.44,3.67,4.29,4.77,5.20,5.15,,0.30,5/17/2012,
091202,1936,Tilia americana,X,,,,,,,,,American basswood,,,,,,,,,,,,,,,,,,,,,,,,,,,,,,,,,,,,,,,,,,,,,,,,,,,,,,,,,,,,,,,,,,,,X,
091203,1926,Ulmus 'Frontier',2012,,,Ulmus 'Frontier',Frontier,E,Ulmus,Ulmaceae,Ulmus 'Frontier',Frontier elm,,2,0,0,0,1,0,1,1,1,1,0,0,,,0,0,0,0,0,0,0,0,0,0,0,,0,0,0,0,0,0,0,0,0,,1,1,1,1,2,1,2,2,1,1,1,1,,,,1.80,1.95,2.44,4.37,5.71,7.28,8.63,9.88,11.15,12.31,13.29,14.40,15.59,,1.14,5/17/2012,
091204,1924,Acer saccharum,X,,,,,,,,,Maple,,,,,,,,,,,,,,,,,,,,,,,,,,,,,,,,,,,,,,,,,,,,,,,,,,,,,,,,,,,,,,,,,,,,X,
091205,1922,Ginkgo biloba,2012,,,Ginkgo biloba,Princeton Sentry,E,Ginkgo,Ginkgoaceae,Ginkgo biloba,Ginkgo,,0,0,0,1,1,1,0,1,0,0,1,1,M,,0,0,0,0,0,0,0,0,0,0,0,,1,0,0,0,0,0,0,0,0,,1,1,2,2,2,2,1,1,1,1,1,1,,,,1.50,1.40,1.50,1.77,2.09,2.58,3.24,3.92,4.46,5.33,6.10,6.99,8.00,,0.51,5/17/2012,
091206,1918,Tilia americana,2012,,,Tilia americana,,N,Tilia,Tiliaceae,Tilia americana,American basswood,,1,1,3,3,3,0,0,1,0,0,0,0,,,0,0,0,0,0,30,0,0,0,0,0,,0,0,0,0,0,0,0,0,0,,1,2,3,3,2,2,2,2,2,1,1,1,,,,2.25,2.25,2.28,2.64,3.23,3.75,4.27,4.86,5.27,5.90,6.59,7.10,8.00,,0.46,5/17/2012,
091207,1912,Gleditsia triacanthos var. inermis,2012,,,Gleditsia triacanthos var. inermis,,N,Gleditsia,Fabaceae,Gleditsia triacanthos var. inermis,Honey locust,,0,0,0,0,0,0,0,0,0,0,0,0,,,10,0,20,30,0,0,0,0,0,0,5,,0,0,0,0,0,0,0,0,0,,1,1,2,2,1,1,1,1,1,1,1,1,,,,2.00,2.00,1.97,2.80,3.19,4.20,5.35,6.47,7.32,8.62,9.29,10.25,11.37,43,0.77,5/17/2012,
091208,1908,Acer platanoides,X,,,,,,,,,Norway maple,,,,,,,,,,,,,,,,,,,,,,,,,,,,,,,,,,,,,,,,,,,,,,,,,,,,,,,,,,,,,,,,,,,,X,
091209,1908,Acer platanoides,X,,,,,,,,,Norway maple,,,,,,,,,,,,,,,,,,,,,,,,,,,,,,,,,,,,,,,,,,,,,,,,,,,,,,,,,,,,,,,,,,,,X,
091210,1904,Celtis occidentalis,X,,,,,,,,,Hackberry,,,,,,,,,,,,,,,,,,,,,,,,,,,,,,,,,,,,,,,,,,,,,,,,,,,,,,,,,,,,,,,,,,,,X,
091211,1904,Celtis occidentalis,X,,,,,,,,,Hackberry,,,,,,,,,,,,,,,,,,,,,,,,,,,,,,,,,,,,,,,,,,,,,,,,,,,,,,,,,,,,,,,,,,,,X,
091212,1900,Pyrus sp.,X,,,,,,,,,Pear,,,,,,,,,,,,,,,,,,,,,,,,,,,,,,,,,,,,,,,,,,,,,,,,,,,,,,,,,,,,,,,,,,,,X,
091300,19th Street,,,,,,,,,,,,,,,,,,,,,,,,,,,,,,,,,,,,,,,,,,,,,,,,,,,,,,,,,,,,,,,,,,,,,,,,,,,,,,,,
091301,1834,Acer truncatum x platanoides,2012,,,Acer truncatum x platanoides,Keithsform,E,Acer,Aceraceae,Acer truncatum x platanoides,Norwegian Sunset maple,,0,1,0,0,0,0,0,0,0,0,0,0,,,0,0,0,0,0,0,0,0,0,0,0,,0,1,0,0,0,0,0,0,0,,1,2,1,2,1,1,1,1,1,1,1,1,,,,1.70,1.70,1.69,3.19,4.29,5.35,6.21,7.07,7.64,8.56,9.21,10.10,10.98,,0.77,5/17/2012,
091302,1830,Quercus rubra,X,,,,,,,,,Northern red oak ,,,,,,,,,,,,,,,,,,,,,,,,,,,,,,,,,,,,,,,,,,,,,,,,,,,,,,,,,,,,,,,,,,,,X,
091303,1824,Gleditsia triacanthos var. inermis,X,,,,,,,,,Honey locust,,,,,,,,,,,,,,,,,,,,,,,,,,,,,,,,,,,,,,,,,,,,,,,,,,,,,,,,,,,,,,,,,,,,X,
091304,1822,Gleditsia triacanthos var. inermis,X,,,,,,,,,Honey locust,,,,,,,,,,,,,,,,,,,,,,,,,,,,,,,,,,,,,,,,,,,,,,,,,,,,,,,,,,,,,,,,,,,,X,
091305,1810,Tilia cordata,2012,2021,9,,,,,,Tilia cordata,Littleleaf linden,,0,0,0,0,0,0,4,,,,,,,,30,20,60,50,50,90,,,,,,,1,2,1,0,,,,,,,1,3,3,4,3,4,4,4,6,6,6,6,Died,,,2.00,1.95,2.01,2.01,2.13,2.13,2.2,2.17,,,,,,,,,Died
091306,1804,,,,,,,,,,,,,,,,,,,,,,,,,,,,,,,,,,,,,,,,,,,,,,,,,,,,,,,,,,6,6,6,Human,2020: removed,,,,,,,,,,,,,,,,,,
091307,1804,Fraxinus,X,,,,,,,,,White ash,,,,,,,,,,,,,,,,,,,,,,,,,,,,,,,,,,,,,,,,,,,,,,,,,,,2020: removed,,,,,,,,,,,,,,,,,X,
091308,1800,Ulmus americana,X,,,,,,,,,American elm,,,,,,,,,,,,,,,,,,,,,,,,,,,,,,,,,,,,,,,,,,,,,,,,,,,2020: removed,,,,,,,,,,,,,,,,,X,
091400,18th Street,,,,,,,,,,,,,,,,,,,,,,,,,,,,,,,,,,,,,,,,,,,,,,,,,,,,,,,,,,,,,,,,,,,,,,,,,,,,,,,,
091401,1734,Quercus shumardii,2012,,,Quercus shumardii,,N,Quercus,Fagaceae,Quercus shumardii,Shumard oak,,0,0,0,0,0,0,0,0,0,3,2,2,E,,0,0,0,0,0,0,0,0,0,0,0,,1,2,1,0,0,0,0,0,0,,1,1,2,3,2,2,1,1,1,2,2,1,,,,1.30,1.30,1.42,2.32,3.03,3.64,4.36,5.00,5.63,6.22,7.00,7.75,8.43,,0.58,5/17/2012,
091402,1728,Quercus rubra,2012,,,Quercus rubra,,N,Quercus,Fagaceae,Quercus rubra,Northern red oak,,0,0,0,0,0,0,0,0,0,0,0,2,,,0,5,0,0,0,,0,0,0,0,0,,0,0,0,0,0,0,0,0,0,,1,1,1,1,1,1,2,1,1,1,1,1,,,,1.75,1.75,1.81,2.91,3.50,4.21,5.15,5.95,6.67,7.43,8.19,8.92,9.55,,0.65,5/17/2012,
091403,1718,Quercus imbricaria,2012,,,Quercus imbricaria,,N,Quercus,Fagaceae,Quercus imbricaria,Shingle oak,,0,0,1,0,0,0,0,0,0,0,0,0,,,0,2,2,0,0,0,0,0,0,0,0,,0,0,0,0,0,0,0,0,0,,1,2,2,1,2,1,1,1,1,1,1,1,,,,2.50,2.50,2.68,3.11,3.58,3.93,4.6,5.10,5.83,6.34,7.03,7.80,8.64,,0.48,5/17/2012,
091404,1716,Celtis occidentalis,X,,,,,,,,,Hackberry,,,,,,,,,,,,,,,,,,,,,,,,,,,,,,,,,,,,,,,,,,,,,,,,,,,,,,,,,,,,,,,,,,,,X,
091405,1716,Liriodendron tulipifera,2012,,,Liriodendron tulipifera,,N,Liriodendron,Magnoliaceae,Liriodendron tulipifera,Tulip tree,,0,0,0,0,0,0,0,0,0,0,0,0,,,0,0,0,0,0,0,0,0,0,0,0,,0,0,0,0,0,0,0,0,0,,1,1,1,1,1,1,1,1,1,1,1,1,,,,1.30,1.35,1.50,2.91,3.74,4.59,5.44,6.17,6.70,7.34,7.85,8.46,9.15,,0.65,5/17/2012,
091406,1712,Acer saccharum,X,,,,,,,,,Sugar maple,,,,,,,,,,,,,,,,,,,,,,,,,,,,,,,,,,,,,,,,,,,,,,,,,,,,,,,,,,,,,,,,,,,,X,
091407,1706,Gleditsia triacanthos var. inermis,2012,,,Gleditsia triacanthos var. inermis,,N,Gleditsia,Fabaceae,Gleditsia triacanthos var. inermis,Honey locust,,0,0,0,0,0,0,2,0,2,2,2,0,E,,0,0,0,15,0,15,40,0,0,0,0,,0,0,0,0,0,0,0,0,0,,1,1,1,2,1,1,2,2,2,1,1,1,,,,1.70,1.65,1.81,3.03,3.82,4.73,5.53,6.39,7.07,7.74,8.32,8.77,9.47,,0.66,5/17/2012,
091408,,Acer saccharinum,X,,,,,,,,,Silver maple,,,,,,,,,,,,,,,,,,,,,,,,,,,,,,,,,,,,,,,,,,,,,,,,,,,,,,,,,,,,,,,,,,,,X,
091409,1700,,,,,,,,,,,,,,,,,,,,,,,,,,,,,,,,,,,,,,,,,,,,,,,,,,,,,,,,,,,,,,,,,,,,,,,,,,,,,,,,
091500,17th Street,,,,,,,,,,,,,,,,,,,,,,,,,,,,,,,,,,,,,,,,,,,,,,,,,,,,,,,,,,,,,,,,,,,,,,,,,,,,,,,,
091501, Cem,,X (I),,,,,,,,,Austrian pine,,,,,,,,,,,,,,,,,,,,,,,,,,,,,,,,,,,,,,,,,,,,,,,,,,,,,,,,,,,,,,,,,,,,X (I),
091502, Cem,,,,,,,,,,,,,,,,,,,,,,,,,,,,,,,,,,,,,,,,,,,,,,,,,,,,,,,,,,,,,,,,,,,,,,,,,,,,,,,,
091503, Cem,,,,,,,,,,,,,,,,,,,,,,,,,,,,,,,,,,,,,,,,,,,,,,,,,,,,,,,,,,,,,,,,,,,,,,,,,,,,,,,,
091504, Cem,,X (I),,,,,,,,,Austrian pine,,,,,,,,,,,,,,,,,,,,,,,,,,,,,,,,,,,,,,,,,,,,,,,,,,,,,,,,,,,,,,,,,,,,X (I),
091600,16th Street,,,,,,,,,,,,,,,,,,,,,,,,,,,,,,,,,,,,,,,,,,,,,,,,,,,,,,,,,,,,,,,,,,,,,,,,,,,,,,,,
091601,Hope church,Acer glabrum,2012,2019,7,,,,,,Acer glabrum,Rocky Mtn maple,,1,1,1,0,3,4,,1,,,,,,,0,0,3,15,100,,100,,,,,,2,1,,,0,,,,,,1,2,2,3,3,4,6,5,6,6,6,6,Died,,,2.40,2.50,2.48,3.07,3.43,3.37,3.35,,,,,,,,,5/17/2012,Died
091602,1508 N 16th,Liquidambar styraciflua,2020,2020,0,,,,,,Liquidambar styraciflua,Sweetgum,,,,,,,,,,,,,,,,,,,,,,,,,,,,,,,,,,,,,,,,,,,,,6,6,6,6,6,Human,,,,,,,,,,2.21,,,,,,,,10/16/2019,Unknown
091602.1,1508 N 16th,Syringa reticulata,2021,,,Syringa reticulata,Ivory Silk,E,Syringa,Oleaceae,Syringa reticulata,Japanese tree lilac,,,,,,,,,,0,2,0,0,,,,,,,,,,0,0,0,20,,,,,,,0,0,0,0,,,,,,,,,,2,3,1,1,,,,,,,,,,,,1.27,1.30,1.39,1.56,1.71,,0.11,5/18/2021,
091603,1514,Syringa reticulata,2012,,,Syringa reticulata,,E,Syringa,Oleaceae,Syringa reticulata,Japanese tree lilac,,0,0,0,0,1,0,0,0,0,0,0,0,,,0,2,5,1,0,0,0,0,0,0,20,,1,1,0,0,0,0,0,0,0,,1,2,2,2,2,1,2,2,1,1,1,1,,,,1.35,1.25,1.69,1.93,2.24,2.59,2.38,2.54,2.60,2.95,3.19,3.40,3.53,,0.17,5/17/2012,
091604,1514,Acer glabrum,2012,,,Acer glabrum,,E,Acer,Aceraceae,Acer glabrum,Japanese tree lilac,,0,2,2,0,2,0,0,1,2,1,1,2,E,,0,5,15,10,0,0,0,0,0,0,0,,1,1,0,0,0,0,0,0,0,,1,3,3,2,3,1,2,2,2,2,1,2,,,,2.50,2.50,2.44,2.95,3.15,3.23,2.94,3.17,3.41,3.96,4.15,4.58,5.14,,0.18,5/17/2012,
091605,1508,Crataegus crus-gali var. inermis,2012,,,Crataegus crus-gali var. inermis,,N,Crataegus,Rosaceae,Crataegus crus-gali var. inermis,Cockspur hawthorn,,1,0,2,4,1,3,4,0,0,0,0,0,,,0,0,1,60,40,90,0,0,20,0,0,,0,0,2,0,0,0,0,0,0,,1,1,3,4,3,4,4,3,1,3,2,3,,,,2.00,2.00,2.01,2.64,,2.82,4.36,3.43,2.96,3.23,3.25,3.35,3.44,40,0.12,5/17/2012,
091606,1502,Maackia serrata,2012,,,Maackia serrata,,E,Maackia,Fabaceae,Maackia serrata,Amur maackia,,0,0,0,0,0,0,1,2,0,0,0,0,,,0,0,0,20,0,10,30,0,0,0,0,,0,1,0,0,0,0,0,0,0,,1,1,1,3,2,1,3,3,1,1,1,1,,,,3.00,3.00,2.80,3.23,3.62,3.99,4.36,4.73,5.09,5.33,5.85,6.26,6.60,,0.30,5/17/2012,
091607,1500,Syringa reticulata,2012,,,Syringa reticulata,,E,Syringa,Oleaceae,Syringa reticulata,Japanese tree lilac,,0,0,0,1,0,0,0,0,0,0,0,0,,,0,0,10,2,0,10,0,0,0,0,0,,0,0,0,0,0,0,0,0,0,,1,2,2,2,2,1,3,2,1,2,1,1,,,,1.30,1.30,1.42,1.93,2.24,2.43,2.64,2.93,3.22,3.42,3.70,4.08,4.32,,0.24,5/17/2012,
091700,15th Street,,,,,,,,,,,,,,,,,,0,,,,,,,,,,,,,0,,,,,,,,,,0,,,,,,,,,,,,,2,,,,,,,,,,,,,,,,,,,,,,,,,,
091800,14th Street,,,,,,,,,,,,,,,,,,,,,,,,,,,,,,,,,,,,,,,,,,,,,,,,,,,,,,,,,,,,,,,,,,,,,,,,,,,,,,,,
091900,13th Street,,,,,,,,,,,,,,,,,,,,,,,,,,,,,,,,,,,,,,,,,,,,,,,,,,,,,,,,,,,,,,,,,,,,,,,,,,,,,,,,
091901,1226,Syringa reticulata,2012,,,Syringa reticulata,,E,Syringa,Oleaceae,Syringa reticulata,Japanese tree lilac,,0,1,0,0,0,4,3,4,3,3,4,3,M,,0,0,5,1,0,0,0,0,0,0,0,,0,0,0,0,0,0,0,0,0,,1,2,1,2,2,4,4,4,3,3,3,3,,,,1.40,1.30,1.38,2.05,,3.00,3.28,3.51,3.75,4.04,4.24,4.47,4.74,,0.29,5/17/2012,
091902,1226,Crataegus,X,,,,,,,,,Hawthorn,,,,,,,,,,,,,,,,,,,,,,,,,,,,,,,,,,,,,,,,,,,,,,,,,,,,,,,,,,,,,,,,,,,,X,
091903,1224,Crataegus,X,,,,,,,,,Hawthorn,,,,,,,,,,,,,,,,,,,,,,,,,,,,,,,,,,,,,,,,,,,,,,,,,,,,,,,,,,,,,,,,,,,,X,
091904,1224,Crataegus,X,,,,,,,,,Hawthorn,,,,,,,,,,,,,,,,,,,,,,,,,,,,,,,,,,,,,,,,,,,,,,,,,,,,,,,,,,,,,,,,,,,,X,
091905,1204,Maackia serrata,2012,,,Maackia serrata,,E,Maackia,Fabaceae,Maackia serrata,Amur maackia,,0,0,0,0,1,0,0,0,,0,2,0,M,,0,0,5,2,0,0,0,,0,0,5,,0,0,0,0,0,,0,0,0,,1,2,2,2,2,2,2,2,,1,2,1,,,,2.50,2.50,2.40,2.64,,3.22,3.62,4.11,4.38,4.64,4.96,5.55,5.92,46,0.28,5/17/2012,
091906,1204,Syringa reticulata,2012,2018,6,,,,,,Syringa reticulata,Japanese tree lilac,,0,0,0,0,1,0,,,,,,,,,0,0,30,1,0,,,,,,,,0,0,0,,,,,,,,1,2,2,2,2,2,5,6,6,6,6,6,Died,,,1.50,1.50,1.54,1.81,,2.10,2.21,,,,,,,,,5/17/2012,Died
091907,1204,Syringa reticulata,2012,,,Syringa reticulata,,E,Syringa,Oleaceae,Syringa reticulata,Japanese tree lilac,,0,0,0,1,1,0,1,1,2,1,1,0,M,,0,1,30,5,0,20,0,0,0,0,5,,0,0,0,0,0,0,0,0,0,,1,2,2,2,2,2,3,3,2,2,2,3,,,,1.35,1.35,1.42,1.57,,1.96,2.04,2.14,2.13,2.35,2.57,2.75,2.87,49,0.12,5/17/2012,
092000,12th Street,,,,,,,,,,,,,,,,,,,,,,,,,,,,,,,,,,,,,,,,,,,,,,,,,,,,,,,,,,,,,,,,,,,,,,,,,,,,,,,,
092001,Food Finders,Malus ‘Adirondack',2020,,,Malus ‘Adirondack',Adirondack,E,Malus,Rosaceae,Malus ‘Adirondack',Serviceberry,,,,,,,,,0,0,0,0,0,,,,,,,,,0,0,0,0,0,,,,,,0,0,0,0,0,,,,,,,,1,1,1,2,2,2,,,,,,,,,,,1.45,1.19,1.20,1.34,1.37,1.40,36,0.01,5/5/2020,
092002,Food Finders,Amelanchier x grandiflora,2020,,,Amelanchier x grandiflora,Autumn Brilliance,E,Amelanchier,Rosaceae,Amelanchier x grandiflora,Serviceberry,,,,,,,,,0,0,0,1,3,M,,,,,,,,99,0,0,20,100,,,,,,0,0,0,0,0,,,,,,,,1,4,3,3,3,4,,Top broken off,,,,,,,,,1.29,1.23,1.40,1.45,1.45,1.50,45,0.05,5/5/2020,
092003,Food Finders,Malus ‘Adirondack',2020,,,Malus ‘Adirondack',Adirondack,E,Malus,Rosaceae,Malus ‘Adirondack',Crabapple,,,,,,,,,0,0,0,0,3,,,,,,,,,0,0,0,0,20,,,,,,1,1,0,0,0,,,,,,,,1,2,2,2,2,3,,,,,,,,,,,1.53,1.31,1.30,1.37,1.50,1.47,39,0.01,5/5/2020,
092004,Food Finders,Amelanchier x grandiflora,2020,,,Amelanchier x grandiflora,,E,Amelanchier,Rosaceae,Amelanchier x grandiflora,Crabapple,,,,,,,,,0,0,0,0,2,,,,,,,,,50,20,20,0,50,,,,,,0,1,0,0,0,,,,,,,,1,2,3,3,2,2,,,,,,,,,,,1.26,1.27,1.33,1.36,1.56,1.52,,0.06,5/5/2020,
092005,Food Finders,Malus 'Adirondack',2020,2021,1,,,,,,Malus 'Adirondack',Crabapple,,,,,,,,,0,,,,,,,,,,,,,0,,,,,,,,,,0,,,,,,,,,,,,1,1,6,6,6,6,Human,,,,,,,,,,1.45,1.12,,,,,40,,5/5/2020,Unknown
092005.1,Food Finders,Malus ‘Adirondack',2022,,,Malus ‘Adirondack',Adirondack,E,Malus,Rosaceae,Malus ‘Adirondack',Crabapple,,,,,,,,,,,0,3,3,M,,,,,,,,,,0,0,0,,,,,,,,3,0,0,,,,,,,,,,,,3,2,,,,,,,,,,,,,,1.45,1.54,1.65,30,0.10,,
,,Ave year to lost,,,5.5,,,,,,,,,,,,,,,,,,,,,,,,,,,,,,,,,,,,,,,,,,,,,,,,,,,,,,,,,,,Trunk diameter is measured at 54 in. above ground unless otherwise noted.,,,,,,,,,,,,,,,,,
,,No. lost by year 3,,,5,,,No.,,,,,Trunk damage,,,,,,,,,,,,,,CD = percent defoliation,,,,,,,,,,,,Chlorosis,,,,,,,,,,Condition,,,,,,,,,,,59 min,,,,Data for trees planted in May 2020 are entered in fall 2019 column.,,,,,,,,,,,,,,,,,
,,,"X denotes an existing tree, data not included in analyses",,,,Native,24,,,,,0,no damage,,,,,,,,,,,,,,,,,,,,,,,,,0,None,,,,,,,,,1,Excellent,,,,,,,,,,,,,,Data for trees planted spring 2021 are entered for columns for fall 2020.,,,,,,,,,,,,,,,,,
,,,,,,,Exotic,42,,,,,1,minor damage,,,,,,,,,,,,,,,,,,,,,,,,,1,Mild,,,,,,,,,2,Good,,,,,,,,,,,,,,,,,,,,,,,,,,,,,,,
,,,,,,,,,,,,,2,damage around <25% of trunk,,,,,,,,,,,,,,,,,,,,,,,,,2,Moderate,,,,,,,,,3,Fair,,,,,,,,,,,,,,,,,,,,,,,,,,,,,,,
,,,,,,,,,,,,,3,damage around 25-50% of trunk,,,,,,,,,,,,,,,,,,,,,,,,,3,Severe,,,,,,,,,4,Poor,,,,,,,,,,,,,,,,,,,,,,,,,,,,,,,
,,,,,,,,,,,,,4,damage around >50% of trunk,,,,,,,,,,,,,,,,,,,,,,,,,,,,,,,,,,,5,Dead,,,,,,,,,,,,,,,,,,,,,,,,,,,,,,,
,,,,,,,,,,,,,,,,,,,,,,,,,,,,,,,,,,,,,,,,,,,,,,,,,6,Removed,,,,,,,,,,,,,,,,,,,,,,,,,,,,,,,
,,,,,,,,,,,,,,,,,,,,,,,,,,,,,,,,,,,,,,,,,,,,,,,,,,,,,,,,,,,,,,,,,,,,,,,,,,,,,,,,,
,,,,,,,,,,,,,,2013,2014,2015,2016,2017,2018,2019,2020,2021,2022,2023,,,,2013,2014,2015,2016,2018,2019,2020,2021,2022,2023,,,,,,,,,,,,,,,,,,,,,,,,,,,,,,,,,,,,,,,,,,,,
,,,,,,,,,,,,,Trunk damage,Count,Count,Count,Count,Count,Count,Count,Count,Count,Count,Count,,,CD (%),Count,Count,Count,Count,Count,Count,Count,Count,Count,Count,,Chlorosis,Count,Count,Count,Count,Count,Count,Count,Count,,Condition,2013,2014,2015,2016,2017,2018,2019,2020,2021,2022,2023,2024,,,,,,,,,,,,,,,,,,,,
,,,,,,,,,,,,,0,53,52,50,50,45,54,44,50,52,51,48,49,,<11,61,56,55,54,61,54,60,65,65,65,56,0,53,49,59,60,65,59,68,67,66,1,60,40,36,29,27,42,34,28,44,47,48,45,,,,,,,,,,,,,,,,,,,,
,,,,,,,,,,,,,1,6,7,7,7,12,3,14,16,8,9,10,4,,>10,1,5,8,9,4,7,9,2,4,2,11,1,9,10,2,1,3,4,0,0,0,2,0,17,19,22,29,16,25,30,15,12,12,14,,,,,,,,,,,,,,,,,,,,
,,,,,,,,,,,,,2,2,1,4,3,3,5,1,1,4,4,5,8,,TOTAL,62,61,63,63,65,61,69,67,69,67,67,2,1,4,2,1,1,0,0,0,0,3,2,4,8,8,7,2,6,6,6,7,6,5,,,,,,,,,,,,,,,,,,,,
,,,,,,,,,,,,,3,1,1,2,2,3,1,1,1,4,3,1,4,,,,,,,,,,,,,,3,0,0,1,0,0,1,1,0,0,4,0,0,0,4,0,5,3,5,1,2,1,2,,,,,,,,,,,,,,,,,,,,
,,,,,,,,,,,,,4,0,0,0,1,0,2,2,1,0,2,2,2,,,,,,,,,,,,,,TOTAL,63,63,64,62,69,64,69,67,66,5,1,2,0,0,0,0,1,1,1,0,0,1,,,,,,,,,,,,,,,,,,,,
,,,,,,,,,,,,,TOTAL,62,61,63,63,63,65,62,69,68,69,66,67,,,,,,,,,,,,,,,,,,,,,,,,6,0,0,2,2,2,2,3,4,7,9,11,11,,,,,,,,,,,,,,,,,,,,
,,,,,,,,,,,,,M,,,,,,,,,,,,,13,,,,,,,,,,,,,,,,,,,,,,,TOTAL,63,63,65,65,65,67,72,74,74,77,78,78,,,,,,,,,,,,,,,,,,,,
,,,,,,,,,,,,,,,,,,,,,,,,,,0,,,,,,,,,,,,,,,,,,,,,,,No. Exc & Good,60,57,55,51,56,58,59,58,59,59,60,59,,,,,,,,,,,,,,,,,,,,
,,,,,,,,,,,,,,,,,,,,,,,,,,0,,,,,,,,,,,,,,,,,,,,,,,No. Fair & Poor,2,4,8,12,7,7,9,11,7,9,7,7,,,,,,,,,,,,,,,,,,,,
,,,,,,,,,,,,,E,,,,,,,,,,,,,5,,,,,,,,,,,,,,,,,,,,,,,No. lost,1,2,2,2,2,2,4,5,8,9,11,12,,,,,,,,,,,,,,,,,,,,
,,,,,,,,,,,,,,,,,,,,,,,,,,,,,,,,,,,,,,,,,,,,,,,,,No. alive,62,61,63,63,63,65,68,69,66,68,67,66,,,,,,,,,,,,,,,,,,,,
,,,,,,,,,,,,,,,,,,,,,,,,,,,,,,,,,,,,,,,,,,,,,,,,,Loss %,1.6,3.2,3.1,3.1,3.1,3.0,5.6,6.8,10.8,11.7,14.1,15.4,,,,,,,,,,,,,,,,,,,,
,,,,,,,,,,,,,,,,,,,,,,,,,,,,,,,,,,,,,,,,,,,,,,,,,no. fair&poor,2,4,8,12,7,7,9,11,7,9,7,7,,,,,,,,,,,,,,,,,,,,
,,,,,,,,,,,,,,,,,,,,,,,,,,,,,,,,,,,,,,,,,,,,,,,,,Ave. cond,1.1,1.4,1.6,1.8,1.7,1.5,1.7,1.8,1.5,1.5,1.4,1.5,,,,,,,,,,,,,,,,,,,,
,,,,,,,,,,,,,,,,,,,,,,,,,,,,,,,,,,,,,,,,,,,,,,,,,,,,,,,,,,,,,,,,,,,,,,,,,,,,,,,,,
,,Year planted,Count,Freq,,,,,,,,,,,,,,,,,,,,,,,,,,,,,,,,,,,,,,,,,,,,,,,,,,,,,,,,,,,,,,,,,,,,,,,,,,,,,
,,2012,65,0.84,,,,,,,,,,,,,,,,,,,,,,,,,,,,,,,,,,,,,,,,,,,,,,62,61,61,61,61,62,61,61,59,60,58,57,,,,,,,,,,,,,,,,,,,,
,,2015,2,0.03,,,,,,,,,,,,,,,,,,,,,,,,,,,,,,,,,,,,,,,,,,,,,,,,2,2,2,2,2,2,2,2,2,2,,,,,,,,,,,,,,,,,,,,
,,2020,7,0.09,,,,,,,,,,,,,,,,,,,,,,,,,,,,,,,,,,,,,,,,,,,,,,,,,,,,5,6,4,4,4,4,,,,,,,,,,,,,,,,,,,,
,,2021,1,0.01,,,,,,,,,,,,,,,,,,,,,,,,,,,,,,,,,,,,,,,,,,,,,,,,,,,,,,1,1,1,1,,,,,,,,,,,,,,,,,,,,
,,2022,2,0.03,,,,,,,,,,,,,,,,,,,,,,,,,,,,,,,,,,,,,,,,,,,,,,,,,,,,,,,1,2,2,,,,,,,,,,,,,,,,,,,,
,,TOTAL,77,,,,,,,,,,,,,,,,,,,,,,,,,,,,,,,,,,,,,,,,,,,,,,,,,,,,,,,,,,,,,,,,,,,,,,,,,,,,,,
,,,,,,,,,,,,,,,,,,,,,,,,,,,,,,,,,,,,,,,,,,,,,,,,,,,,,,,,,,,,,,,,,,,,,,,,,,,,,,,,,
,,,,,,,,,,,,,,,,,,,,,,,,,,,,,,,,,,,,,,,,,,,,,,,,,,,,,,,,,,,,,,,,,,,,,,,,,,,,,,,,,
,,Family,Count,Freq,,,,,,,,,,,,,,,,,,,,,,,,,,,,,,,,,,,,,,,,,,,,,,,,,,,,,,,,,,,,,,,,,,,,,,,,,,,,,
,,Aceraceae,5,0.08,,,,,,,,,,,,,,,,,,,,,,,,,,,,,,,,,,,,,,,,,,,,,,,,,,,,,,,,,,,,,,,,,,,,,,,,,,,,,
,,Fabaceae,11,0.17,,,,,,,,,,,,,,,,,,,,,,,,,,,,,,,,,,,,,,,,,,,,,,,,,,,,,,,,,,,,,,,,,,,,,,,,,,,,,
,,Fagaceae,11,0.17,,,,,,,,,,,,,,,,,,,,,,,,,,,,,,,,,,,,,,,,,,,,,,,,,,,,,,,,,,,,,,,,,,,,,,,,,,,,,
,,Ginkgoaceae,4,0.06,,,,,,,,,,,,,,,,,,,,,,,,,,,,,,,,,,,,,,,,,,,,,,,,,,,,,,,,,,,,,,,,,,,,,,,,,,,,,
,,Magnoliaceae,2,0.03,,,,,,,,,,,,,,,,,,,,,,,,,,,,,,,,,,,,,,,,,,,,,,,,,,,,,,,,,,,,,,,,,,,,,,,,,,,,,
,,Oleaceae,5,0.08,,,,,,,,,,,,,,,,,,,,,,,,,,,,,,,,,,,,,,,,,,,,,,,,,,,,,,,,,,,,,,,,,,,,,,,,,,,,,
,,Platanaceae,4,0.06,,,,,,,,,,,,,,,,,,,,,,,,,,,,,,,,,,,,,,,,,,,,,,,,,,,,,,,,,,,,,,,,,,,,,,,,,,,,,
,,Rosaceae,6,0.09,,,,,,,,,,,,,,,,,,,,,,,,,,,,,,,,,,,,,,,,,,,,,,,,,,,,,,,,,,,,,,,,,,,,,,,,,,,,,
,,Tiliaceae,8,0.12,,,,,,,,,,,,,,,,,,,,,,,,,,,,,,,,,,,,,,,,,,,,,,,,,,,,,,,,,,,,,,,,,,,,,,,,,,,,,
,,Ulmaceae,10,0.15,,,,,,,,,,,,,,,,,,,,,,,,,,,,,,,,,,,,,,,,,,,,,,,,,,,,,,,,,,,,,,,,,,,,,,,,,,,,,
,,TOTAL,66,1.00,,,,,,,,,,,,,,,,,,,,,,,,,,,,,,,,,,,,,,,,,,,,,,,,,,,,,,,,,,,,,,,,,,,,,,,,,,,,,
,,,,,,,,,,,,,,,,,,,,,,,,,,,,,,,,,,,,,,,,,,,,,,,,,,,,,,,,,,,,,,,,,,,,,,,,,,,,,,,,,
,,Genus,Count,Freq,,,,,,,,,,,,,,,,,,,,,,,,,,,,,,,,,,,,,,,,,,,,,,,,,,,,,,,,,,,,,,,,,,,,,,,,,,,,,
,,Acer,5,0.08,,,,,,,,,,,,,,,,,,,,,,,,,,,,,,,,,,,,,,,,,,,,,,,,,,,,,,,,,,,,,,,,,,,,,,,,,,,,,
,,Amelanchier,2,0.03,,,,,,,,,,,,,,,,,,,,,,,,,,,,,,,,,,,,,,,,,,,,,,,,,,,,,,,,,,,,,,,,,,,,,,,,,,,,,
,,Crataegus,1,0.02,,,,,,,,,,,,,,,,,,,,,,,,,,,,,,,,,,,,,,,,,,,,,,,,,,,,,,,,,,,,,,,,,,,,,,,,,,,,,
,,Ginkgo,4,0.06,,,,,,,,,,,,,,,,,,,,,,,,,,,,,,,,,,,,,,,,,,,,,,,,,,,,,,,,,,,,,,,,,,,,,,,,,,,,,
,,Gleditsia,5,0.08,,,,,,,,,,,,,,,,,,,,,,,,,,,,,,,,,,,,,,,,,,,,,,,,,,,,,,,,,,,,,,,,,,,,,,,,,,,,,
,,Gymnocladus,4,0.06,,,,,,,,,,,,,,,,,,,,,,,,,,,,,,,,,,,,,,,,,,,,,,,,,,,,,,,,,,,,,,,,,,,,,,,,,,,,,
,,Liriodendron,2,0.03,,,,,,,,,,,,,,,,,,,,,,,,,,,,,,,,,,,,,,,,,,,,,,,,,,,,,,,,,,,,,,,,,,,,,,,,,,,,,
,,Maackia,2,0.03,,,,,,,,,,,,,,,,,,,,,,,,,,,,,,,,,,,,,,,,,,,,,,,,,,,,,,,,,,,,,,,,,,,,,,,,,,,,,
,,Malus,3,0.05,,,,,,,,,,,,,,,,,,,,,,,,,,,,,,,,,,,,,,,,,,,,,,,,,,,,,,,,,,,,,,,,,,,,,,,,,,,,,
,,Platanus,4,0.06,,,,,,,,,,,,,,,,,,,,,,,,,,,,,,,,,,,,,,,,,,,,,,,,,,,,,,,,,,,,,,,,,,,,,,,,,,,,,
,,Quercus,11,0.17,,,,,,,,,,,,,,,,,,,,,,,,,,,,,,,,,,,,,,,,,,,,,,,,,,,,,,,,,,,,,,,,,,,,,,,,,,,,,
,,Syringa,5,0.08,,,,,,,,,,,,,,,,,,,,,,,,,,,,,,,,,,,,,,,,,,,,,,,,,,,,,,,,,,,,,,,,,,,,,,,,,,,,,
,,Tilia,8,0.12,,,,,,,,,,,,,,,,,,,,,,,,,,,,,,,,,,,,,,,,,,,,,,,,,,,,,,,,,,,,,,,,,,,,,,,,,,,,,
,,Ulmus,5,0.08,,,,,,,,,,,,,,,,,,,,,,,,,,,,,,,,,,,,,,,,,,,,,,,,,,,,,,,,,,,,,,,,,,,,,,,,,,,,,
,,Zelkova,5,0.08,,,,,,,,,,,,,,,,,,,,,,,,,,,,,,,,,,,,,,,,,,,,,,,,,,,,,,,,,,,,,,,,,,,,,,,,,,,,,
,,TOTAL,66,1.00,,,,,,,,,,,,,,,,,,,,,,,,,,,,,,,,,,,,,,,,,,,,,,,,,,,,,,,,,,,,,,,,,,,,,,,,,,,,,
,,,,,,,,,,,,,,Average trunk condition,,,,,,,,,,,,,,,,,,,,,,,,,,,,,,,,,,,,,,,,,,,,,,,,,,,,,,,,,,,,,,,,,,,
,,Species,Count,Freq,,,,,,,,,,2013,2014,2015,2016,2017,2018,2019,2020,2021,2022,,,,,,,,,,,,,,,,,,,,,,,,,,,,,,,,,,,,,,,,,,,,,,,,,,,,,,,,,,
,,Acer glabrum,2,0.03,,,,,,,,,,,,,,,,,,,,,,,,,,,,,,,,,,,,,,,,,,,,,,,,,,,,,,,,,,,,,,,,,,,,,,,,,,,,,
,,Acer truncatum x platanoides,3,0.05,,,,,,,,,,,,,,,,,,,,,,,,,,,,,,,,,,,,,,,,,,,,,,,,,,,,,,,,,,,,,,,,,,,,,,,,,,,,,
,,Amelanchier x grandiflora,2,0.03,,,,,,,,,,,,,,,,,,,,,,,,,,,,,,,,,,,,,,,,,,,,,,,,,,,,,,,,,,,,,,,,,,,,,,,,,,,,,
,,Crataegus crus-gali var. inermis,1,0.02,,,,,,,,,,,,,,,,,,,,,,,,,,,,,,,,,,,,,,,,,,,,,,,,,,,,,,,,,,,,,,,,,,,,,,,,,,,,,
,,Ginkgo biloba,4,0.06,,,,,,,,,,,,,,,,,,,,,,,,,,,,,,,,,,,,,,,,,,,,,,,,,,,,,,,,,,,,,,,,,,,,,,,,,,,,,
,,Gleditsia triacanthos var. inermis,5,0.08,,,,,,,,,,,,,,,,,,,,,,,,,,,,,,,,,,,,,,,,,,,,,,,,,,,,,,,,,,,,,,,,,,,,,,,,,,,,,
,,Gymnocladus dioicus,4,0.06,,,,,,,,,,,,,,,,,,,,,,,,,,,,,,,,,,,,,,,,,,,,,,,,,,,,,,,,,,,,,,,,,,,,,,,,,,,,,
,,Liriodendron tulipifera,2,0.03,,,,,,,,,,,,,,,,,,,,,,,,,,,,,,,,,,,,,,,,,,,,,,,,,,,,,,,,,,,,,,,,,,,,,,,,,,,,,
,,Maackia serrata,2,0.03,,,,,,,,,,,,,,,,,,,,,,,,,,,,,,,,,,,,,,,,,,,,,,,,,,,,,,,,,,,,,,,,,,,,,,,,,,,,,
,,Malus ‘Adirondack',3,0.05,,,,,,,,,,,,,,,,,,,,,,,,,,,,,,,,,,,,,,,,,,,,,,,,,,,,,,,,,,,,,,,,,,,,,,,,,,,,,
,,Platanus x acerifolia,4,0.06,,,,,,,,,,,,,,,,,,,,,,,,,,,,,,,,,,,,,,,,,,,,,,,,,,,,,,,,,,,,,,,,,,,,,,,,,,,,,
,,Quercus imbricaria,4,0.06,,,,,,,,,,,,,,,,,,,,,,,,,,,,,,,,,,,,,,,,,,,,,,,,,,,,,,,,,,,,,,,,,,,,,,,,,,,,,
,,Quercus rubra,3,0.05,,,,,,,,,,,,,,,,,,,,,,,,,,,,,,,,,,,,,,,,,,,,,,,,,,,,,,,,,,,,,,,,,,,,,,,,,,,,,
,,Quercus shumardii,4,0.06,,,,,,,,,,,,,,,,,,,,,,,,,,,,,,,,,,,,,,,,,,,,,,,,,,,,,,,,,,,,,,,,,,,,,,,,,,,,,
,,Syringa reticulata,5,0.08,,,,,,,,,,,,,,,,,,,,,,,,,,,,,,,,,,,,,,,,,,,,,,,,,,,,,,,,,,,,,,,,,,,,,,,,,,,,,
,,Tilia americana,1,0.02,,,,,,,,,,,,,,,,,,,,,,,,,,,,,,,,,,,,,,,,,,,,,,,,,,,,,,,,,,,,,,,,,,,,,,,,,,,,,
,,Tilia cordata,4,0.06,,,,,,,,,,,,,,,,,,,,,,,,,,,,,,,,,,,,,,,,,,,,,,,,,,,,,,,,,,,,,,,,,,,,,,,,,,,,,
,,Tilia sp.,0,0.00,,,,,,,,,,,,,,,,,,,,,,,,,,,,,,,,,,,,,,,,,,,,,,,,,,,,,,,,,,,,,,,,,,,,,,,,,,,,,
,,Tilia tomentosa,3,0.05,,,,,,,,,,,,,,,,,,,,,,,,,,,,,,,,,,,,,,,,,,,,,,,,,,,,,,,,,,,,,,,,,,,,,,,,,,,,,
,,Ulmus 'Frontier',5,0.08,,,,,,,,,,,,,,,,,,,,,,,,,,,,,,,,,,,,,,,,,,,,,,,,,,,,,,,,,,,,,,,,,,,,,,,,,,,,,
,,Zelkova serrata,5,0.08,,,,,,,,,,,,,,,,,,,,,,,,,,,,,,,,,,,,,,,,,,,,,,,,,,,,,,,,,,,,,,,,,,,,,,,,,,,,,
,,TOTAL,66,1.00,,,,,,,,,,,,,,,,,,,,,,,,,,,,,,,,,,,,,,,,,,,,,,,,,,,,,,,,,,,,,,,,,,,,,,,,,,,,,
,,,,,,,,,,,,,,,,,,,,,,,,,,,,,,,,,,,,,,,,,,,,,,,,,,,,,,,,,,,,,,,,,,,,,,,,,,,,,,,,,
,,,,,,,,,,,,,,,,,,,,,,,,,,,,,,,,,,,,,,,,,,,,,,,,,,,,,,,,,,,,,,,,,,,,,,,,,,,,,,,,,
,,,,,,,,,,,,,,,,,,,,,,,,,,,,,,,,,,,,,,,,,,,,,,,,,,,,,,,,,,,,,,,,,,,,,,,,,,,,,,,,,
,,,,,,,,,,,,,,Average trunk condition,,,,,,,,,,,,,,,,,,,,,,,,,,,,,,,,,,,,Average condition,,,,,,,,,,,,,,,Average trunk diameter,,,,,,,,,,,,,,,,
,,Species,Yr planted,Count,Total,Loss (%),,,,,,,,2013,2014,2015,2016,2017,2018,2019,2020,2021,2022,2023,2024,,,,,,,,,,,,,,,,,,,,,,,,,2013,2014,2015,2016,2017,2018,2019,2020,2021,2022,2023,2024,,,,2011,2012,2013,2014,2016,2017,2018,2019,2020,2021,2022,2023,2024,in./year,,,
,,Acer glabrum,2012,2,3,33,,,,,,,,0.0,1.0,1.0,0.0,1.0,0.0,0.0,0.5,1.0,0.5,0.5,1.0,,,,,,,,,,,,,,,,,,,,,,,,,1.0,2.0,2.0,1.5,2.0,1.0,1.5,1.5,1.5,1.5,1.0,1.5,,,,2.10,2.10,2.03,2.62,3.01,3.39,3.53,3.94,4.24,4.86,5.18,5.72,6.29,0.31,,,
,,Acer truncatum x platanoides,2012,3,3,0,,,,,,,,0.0,0.3,0.3,1.0,0.3,0.0,0.0,0.3,0.0,0.7,0.3,0.7,,,,,,,,,,,,,,,,,,,,,,,,,1.0,1.3,1.3,2.3,1.7,1.0,1.0,1.7,1.0,1.0,1.0,1.3,,,,1.65,1.63,1.65,2.56,3.22,3.96,4.50,5.01,5.44,6.11,6.49,7.04,7.63,0.48,,,
,,Amelanchier x grandiflora,2020,2,2,0,,,,,,,,,,,,,,,0.0,0.0,0.0,0.5,2.5,,,,,,,,,,,,,,,,,,,,,,,,,,,,,,,,3.0,3.0,3.0,2.5,3.0,,,,,,,,,,,1.28,1.25,1.37,1.41,1.51,1.51,0.06,,,
,,Crataegus crus-gali var. inermis,2012,1,1,0,,,,,,,,1.0,0.0,2.0,4.0,1.0,3.0,4.0,0.0,0.0,0.0,0.0,0.0,,,,,,,,,,,,,,,,,,,,,,,,,1.0,1.0,3.0,4.0,3.0,4.0,4.0,3.0,1.0,3.0,2.0,3.0,,,,2.00,2.00,2.01,2.64,,2.82,4.36,3.43,2.96,3.23,3.25,3.35,3.44,0.13,,,
,,Ginkgo biloba,2012,4,5,20,,,,,,,,0.0,0.0,0.0,0.3,0.5,0.5,0.5,0.8,0.3,0.8,0.3,0.3,,,,,,,,,,,,,,,,,,,,,,,,,1.0,1.0,1.5,1.5,1.8,1.3,1.5,1.8,1.0,1.3,1.0,1.0,,,,1.60,1.55,1.63,2.18,2.55,3.10,3.70,4.32,4.84,5.47,6.00,7.15,7.35,0.46,,,
,,Gleditsia triacanthos var. inermis,2012,5,5,0,,,,,,,,0.2,0.2,0.0,0.0,0.0,0.0,0.8,0.0,0.4,0.4,0.4,0.0,,,,,,,,,,,,,,,,,,,,,,,,,1.0,1.6,1.6,1.8,1.4,1.2,1.6,1.6,1.2,1.4,1.2,1.4,,,,1.85,1.84,1.87,2.72,3.36,4.24,5.21,5.99,6.73,7.59,8.24,9.02,9.92,0.64,,,
,,Gymnocladus dioicus,2012,4,4,0,,,,,,,,0.0,0.0,0.0,0.0,0.0,0.0,0.3,0.3,0.8,0.0,0.3,0.0,,,,,,,,,,,,,,,,,,,,,,,,,1.0,1.0,1.0,1.0,1.0,1.0,1.5,1.5,1.8,1.3,1.0,1.0,,,,1.74,1.66,1.77,2.51,3.44,4.27,5.12,5.96,6.61,7.28,7.80,8.28,8.92,0.61,,,
,,Liriodendron tulipifera,2012,2,3,33,,,,,,,,0.0,0.0,0.0,0.0,0.0,0.0,0.0,0.0,0.0,0.0,0.0,0.0,,,,,,,,,,,,,,,,,,,,,,,,,1.0,1.0,1.0,1.5,1.0,1.0,1.0,1.0,1.0,1.0,1.0,1.0,,,,1.40,1.42,1.54,2.60,3.09,3.78,4.48,5.19,5.78,6.47,6.95,7.59,8.29,0.55,,,
,,Maackia serrata,2012,2,2,0,,,,,,,,0.0,0.0,0.0,0.0,0.5,0.0,0.5,1.0,0.0,0.0,1.0,0.0,,,,,,,,,,,,,,,,,,,,,,,,,1.0,1.5,1.5,2.5,2.0,1.5,2.5,2.5,1.0,1.0,1.5,1.0,,,,2.75,2.75,2.60,2.93,3.62,3.61,3.99,4.42,4.74,4.99,5.41,5.91,6.26,0.27,,,
,,Malus ‘Adirondack',2020,2,2,0,,,,,,,,,,,,,,,0.0,0.0,0.0,0.0,1.5,,,,,,,,,,,,,,,,,,,,,,,,,,,,,,,,1.5,1.5,2.0,2.0,2.5,,,,,,,,,,,1.49,1.25,1.25,1.36,1.44,1.44,0.00,,,
,,Malus ‘Adirondack',2022,1,1,0,,,,,,,,,,,,,,,,,0.0,3.0,3.0,,,,,,,,,,,,,,,,,,,,,,,,,,,,,,,,,,,3.0,2.0,,,,,,,,,,,,,,1.45,1.54,1.65,0.09,,,
,,Platanus x acerifolia,2012,4,4,0,,,,,,,,0.0,0.0,0.0,0.0,0.0,0.7,0.0,0.0,0.0,0.0,0.3,0.0,,,,,,,,,,,,,,,,,,,,,,,,,1.0,2.0,1.0,1.0,1.0,1.7,1.5,1.5,1.3,1.0,1.3,1.3,,,,1.52,1.57,2.03,4.06,4.94,4.09,5.06,4.71,5.21,5.94,6.69,7.56,8.28,0.46,,,
,,Quercus imbricaria,2012,4,4,0,,,,,,,,0.0,0.0,0.5,0.0,0.3,0.5,0.3,0.3,0.3,1.0,1.3,1.0,,,,,,,,,,,,,,,,,,,,,,,,,1.0,1.5,1.5,1.0,1.8,1.3,1.5,1.8,1.3,1.5,1.5,1.5,,,,2.45,2.49,2.63,3.14,3.52,3.88,4.45,4.93,5.49,6.08,6.72,7.37,8.10,0.41,,,
,,Quercus rubra,2012,2,3,33,,,,,,,,0.0,0.0,0.0,0.5,0.0,0.0,0.0,0.0,0.0,0.0,0.0,1.0,,,,,,,,,,,,,,,,,,,,,,,,,1.0,1.0,1.0,1.5,1.5,1.5,2.0,1.5,1.5,1.0,1.5,1.5,,,,1.75,1.75,1.79,2.66,3.31,3.95,4.75,5.45,6.03,6.62,7.23,7.73,8.22,0.54,,,
,,Quercus rubra,2015,1,1,0,,,,,,,,,,0.0,0.0,0.0,2.0,1.0,1.0,2.0,1.0,1.0,0.0,,,,,,,,,,,,,,,,,,,,,,,,,,,1.0,1.0,2.0,2.0,2.0,2.0,2.0,1.0,2.0,2.0,,,,,,,1.06,1.10,1.31,1.57,1.89,2.16,2.60,2.99,3.32,3.67,0.27,,,
,,Quercus shumardii,2012,3,4,25,,,,,,,,1.0,1.0,0.7,0.7,0.7,0.0,0.7,0.3,0.7,1.3,0.7,1.0,,,,,,,,,,,,,,,,,,,,,,,,,1.7,1.3,2.3,2.7,2.3,3.0,2.3,2.3,2.3,2.3,2.3,2.0,,,,1.37,1.33,1.46,1.94,2.34,2.63,2.98,3.33,3.60,3.99,4.41,4.88,5.35,0.30,,,
,,Quercus shumardii,2015,1,1,0,,,,,,,,,,0.0,0.0,0.0,0.0,1.0,0.0,0.0,0.0,0.0,0.0,,,,,,,,,,,,,,,,,,,,,,,,,,,1.0,1.0,1.0,1.0,2.0,2.0,1.0,1.0,1.0,1.0,,,,,,,1.22,1.38,1.59,1.84,2.12,2.30,2.40,2.56,2.82,3.12,0.19,,,
,,Syringa reticulata,2012,4,5,20,,,,,,,,0.0,0.3,0.0,0.5,0.5,1.0,1.0,1.3,1.3,1.0,1.3,0.8,,,,,,,,,,,,,,,,,,,,,,,,,1.0,2.0,1.8,2.0,2.0,2.0,3.0,2.8,1.8,2.0,1.8,2.0,,,,1.35,1.30,1.48,1.87,2.24,2.50,2.59,2.78,2.93,3.19,3.43,3.68,3.87,0.20,,,
,,Syringa reticulata,2021,1,1,0,,,,,,,,,,,,,,,,0.0,2.0,0.0,0.0,,,,,,,,,,,,,,,,,,,,,,,,,,,,,,,,,2.0,3.0,1.0,1.0,,,,,,,,,,,,1.27,1.30,1.39,1.56,1.71,0.10,,,
,,Tilia americana,2012,1,1,0,,,,,,,,1.0,1.0,3.0,3.0,3.0,0.0,0.0,1.0,0.0,0.0,0.0,0.0,,,,,,,,,,,,,,,,,,,,,,,,,1.0,2.0,3.0,3.0,2.0,2.0,2.0,2.0,2.0,1.0,1.0,1.0,,,,2.25,2.25,2.28,2.64,3.23,3.75,4.27,4.86,5.27,5.90,6.59,7.10,8.00,0.43,,,
,,Tilia cordata,2012,4,5,20,,,,,,,,0.0,0.3,0.8,0.5,0.5,0.5,0.3,0.5,0.8,0.8,0.5,0.5,,,,,,,,,,,,,,,,,,,,,,,,,1.0,1.0,1.8,1.8,1.5,1.3,1.8,1.8,1.8,1.5,1.5,1.3,,,,2.02,2.02,1.81,2.57,3.14,3.78,4.24,4.73,5.21,5.58,6.04,6.48,7.08,0.41,,,
,,Tilia tomentosa,2012,3,4,25,,,,,,,,0.3,0.3,0.7,0.3,0.3,0.0,0.0,0.0,0.0,0.0,0.0,0.0,,,,,,,,,,,,,,,,,,,,,,,,,1.0,1.3,1.7,1.7,1.3,1.3,1.0,1.0,1.0,1.3,1.0,1.0,,,,1.72,1.72,1.73,2.93,3.50,4.18,4.86,5.52,6.22,6.80,7.27,7.80,8.46,0.55,,,
,,Ulmus 'Frontier',2012,5,5,0,,,,,,,,0.6,0.0,0.0,0.0,0.2,0.0,0.2,0.2,0.4,0.4,0.2,0.0,,,,,,,,,,,,,,,,,,,,,,,,,1.0,1.0,1.0,1.2,1.4,1.0,1.4,1.4,1.0,1.0,1.0,1.0,,,,1.80,1.81,2.18,4.06,5.09,6.36,7.52,8.72,9.70,10.63,11.47,12.44,13.48,0.95,,,
,,Zelkova serrata,2012,4,4,0,,,,,,,,0.0,0.0,0.0,0.8,0.8,0.5,0.0,0.8,1.0,0.5,0.8,1.0,,,,,,,,,,,,,,,,,,,,,,,,,1.0,1.3,1.0,2.0,1.8,1.3,1.3,1.5,1.8,1.3,1.3,1.5,,,,1.66,1.69,1.96,3.43,4.25,4.94,5.69,6.26,6.82,7.22,8.00,8.24,8.76,0.60,,,
,,Zelkova serrata,2022,1,1,0,,,,,,,,,,,,,,,,,0.0,0.0,2.0,,,,,,,,,,,,,,,,,,,,,,,,,,,,,,,,,,1.0,1.0,2.0,,,,,,,,,,,,,,1.44,1.77,1.92,0.33,,,
,,TOTAL,,66,74,,,,,,,,,,,,,,,,,,,,,,,,,,,,,,,,,,,,,,,,,,,,,,,,,,,,,,,,,,,,,,,,,,,,,,,,,,,,
,,,,,,,,,,,,,,,,,,,,,,,,,,,,,,,,,,,,,,,,,,,,,,,,,Number alive at indicated year,,,,,,,,,,,,,,,,,,,,,,,,,,,,,,,,
,,Cause,,,,,,,,,,,,,,,,,,,,,,,,,,,,,,,,,,,,,,,,,,,,,,,,,,,,,,,,,,,,,,,,,,,,,,,,,,,,,,,
,,Died,,,,,,,,,,,,,,,,,,,,,,,,,,,,,,,,,,,,,,,,,,,,,,,,,,,,,,,,,,,,8,,,,,,,,,,,,,,,,,,,
,,Human,,,,,,,,,,,,,,,,,,,,,,,,,,,,,,,,,,,,,,,,,,,,,,,,,,,,,,,,,,,,4,,,,,,,,,,,,,,,,,,,
